BEGIN TRANSACTION;
CREATE TABLE IF NOT EXISTS "Bien" (
	"ID_Bien"	INTEGER NOT NULL,
	"Nombre"	TEXT NOT NULL,
	"ID_Categoria"	INTEGER NOT NULL,
	"Estado"	TEXT NOT NULL,
	"Detalle"	TEXT,
	"ID_Ubicacion"	INTEGER NOT NULL,
	"Eliminado"	INTEGER NOT NULL DEFAULT 0,
	PRIMARY KEY("ID_Bien" AUTOINCREMENT),
	FOREIGN KEY("ID_Categoria") REFERENCES "Categoria"("ID_Categoria"),
	FOREIGN KEY("ID_Ubicacion") REFERENCES "Ubicacion"("ID_Ubicacion")
);
CREATE TABLE "Bienes_por_Solicitud" (
	"ID_Categoria"	INTEGER NOT NULL,
	"Num_Solicitud"	INTEGER NOT NULL,
	"Cantidad"	INTEGER NOT NULL,
	"Eliminado"	INTEGER NOT NULL,
	PRIMARY KEY("ID_Categoria","Num_Solicitud"),
	FOREIGN KEY("ID_Categoria") REFERENCES "Categoria"("ID_Categoria"),
	FOREIGN KEY("Num_Solicitud") REFERENCES "Solicitud"("Num_Solicitud")
);
CREATE TABLE IF NOT EXISTS "Categoria" (
	"ID_Categoria"	INTEGER NOT NULL,
	"Nombre"	TEXT NOT NULL,
	"Eliminado"	INTEGER NOT NULL DEFAULT 0,
	PRIMARY KEY("ID_Categoria" AUTOINCREMENT)
);
CREATE TABLE IF NOT EXISTS "EventoTrazabilidad" (
	"ID_Evento"	INTEGER NOT NULL,
	"ID_Bien"	INTEGER NOT NULL,
	"Fecha"	TEXT NOT NULL DEFAULT (datetime('now')),
	"TipoEvento"	TEXT NOT NULL,
	"Detalle"	TEXT,
	"ID_Ubicacion_Destino"	INTEGER,
	"Legajo"	INTEGER,
	"Eliminado" INTEGER NOT NULL DEFAULT 0,
	PRIMARY KEY("ID_Evento" AUTOINCREMENT),
	FOREIGN KEY("ID_Bien") REFERENCES "Bien"("ID_Bien"),
	FOREIGN KEY("ID_Ubicacion_Destino") REFERENCES "Ubicacion"("ID_Ubicacion")
	FOREIGN KEY("Legajo") REFERENCES "Responsable"("Legajo")
);
CREATE TABLE IF NOT EXISTS "Responsable" (
	"Legajo"	INTEGER NOT NULL,
	"Nombre_Apellido"	TEXT NOT NULL,
	"Eliminado"	INTEGER NOT NULL,
	PRIMARY KEY("Legajo")
);
CREATE TABLE "Solicitud" (
	"Num_Solicitud"	INTEGER NOT NULL,
	"Estado"	TEXT NOT NULL,
	"Destino"	INTEGER NOT NULL,
	"Legajo"	INTEGER NOT NULL,
	"Fecha_Solicitud"	TEXT NOT NULL DEFAULT (datetime('now')),
	"Descripcion"	TEXT NOT NULL,
	"Eliminado"	INTEGER NOT NULL DEFAULT 0,
	PRIMARY KEY("Num_Solicitud" AUTOINCREMENT),
	FOREIGN KEY("Destino") REFERENCES "Ubicacion"("ID_Ubicacion"),
	FOREIGN KEY("Legajo") REFERENCES "Responsable"("Legajo")
);
CREATE TABLE IF NOT EXISTS "Ubicacion" (
	"ID_Ubicacion"	INTEGER NOT NULL,
	"Nombre"	TEXT NOT NULL,
	"Eliminado"	INTEGER NOT NULL DEFAULT 0,
	PRIMARY KEY("ID_Ubicacion" AUTOINCREMENT)
);
CREATE TABLE IF NOT EXISTS "Usuario" (
	"ID_Usuario"	INTEGER NOT NULL,
	"Nombre_Usuario"	TEXT NOT NULL,
	"Contraseña"	TEXT NOT NULL,
	"Rol"	TEXT NOT NULL,
	"Eliminado"	INTEGER NOT NULL DEFAULT 0,
	PRIMARY KEY("ID_Usuario" AUTOINCREMENT)
);
INSERT INTO "Bien" VALUES (1,'COMPUTADORA DELL',1,'EN_CONDICIONES',NULL,2,0);
INSERT INTO "Bien" VALUES (2,'COMPUTADORA DELL',1,'EN_CONDICIONES',NULL,1,0);
INSERT INTO "Bien" VALUES (3,'COMPUTADORA DELL',1,'EN_CONDICIONES',NULL,1,0);
INSERT INTO "Bien" VALUES (4,'COMPUTADORA DELL',1,'EN_CONDICIONES',NULL,1,0);
INSERT INTO "Bien" VALUES (5,'COMPUTADORA DELL',1,'AVERIADO',NULL,1,0);
INSERT INTO "Bien" VALUES (6,'COMPUTADORA DELL',1,'EN_CONDICIONES',NULL,1,0);
INSERT INTO "Bien" VALUES (7,'COMPUTADORA DELL',1,'EN_CONDICIONES',NULL,1,0);
INSERT INTO "Bien" VALUES (8,'COMPUTADORA DELL',1,'EN_CONDICIONES',NULL,1,0);
INSERT INTO "Bien" VALUES (9,'COMPUTADORA DELL',1,'EN_CONDICIONES',NULL,1,0);
INSERT INTO "Bien" VALUES (10,'COMPUTADORA DELL',1,'EN_CONDICIONES',NULL,1,0);
INSERT INTO "Bien" VALUES (11,'SILLA ERGONÓMICA',2,'EN_CONDICIONES',NULL,3,0);
INSERT INTO "Bien" VALUES (12,'SILLA ERGONÓMICA',2,'EN_CONDICIONES',NULL,3,0);
INSERT INTO "Bien" VALUES (13,'SILLA ERGONÓMICA',2,'EN_CONDICIONES',NULL,3,0);
INSERT INTO "Bien" VALUES (14,'SILLA ERGONÓMICA',2,'EN_CONDICIONES',NULL,3,0);
INSERT INTO "Bien" VALUES (15,'SILLA ERGONÓMICA',2,'EN_CONDICIONES',NULL,4,0);
INSERT INTO "Categoria" VALUES (1,'COMPUTADORAS',0);
INSERT INTO "Categoria" VALUES (2,'SILLAS',0);
INSERT INTO "Categoria" VALUES (3,'MESAS',0);
INSERT INTO "EventoTrazabilidad" VALUES (1,1,'2025-10-04 02:22:09','ENTREGA',0);
INSERT INTO "EventoTrazabilidad" VALUES (2,2,'2025-10-04 02:22:09','ENTREGA',0);
INSERT INTO "EventoTrazabilidad" VALUES (3,3,'2025-10-04 02:22:09','ENTREGA',0);
INSERT INTO "EventoTrazabilidad" VALUES (4,4,'2025-10-04 02:22:09','ENTREGA',0);
INSERT INTO "EventoTrazabilidad" VALUES (5,5,'2025-10-04 02:22:09','ENTREGA',0);
INSERT INTO "EventoTrazabilidad" VALUES (6,6,'2025-10-04 02:22:09','ENTREGA',0);
INSERT INTO "EventoTrazabilidad" VALUES (7,7,'2025-10-04 02:22:09','ENTREGA',0);
INSERT INTO "EventoTrazabilidad" VALUES (8,8,'2025-10-04 02:22:09','ENTREGA',0);
INSERT INTO "EventoTrazabilidad" VALUES (9,9,'2025-10-04 02:22:09','ENTREGA',0);
INSERT INTO "EventoTrazabilidad" VALUES (10,10,'2025-10-04 02:22:09','ENTREGA',0);
INSERT INTO "EventoTrazabilidad" VALUES (11,11,'2025-10-04 02:37:19','ENTREGA',0);
INSERT INTO "EventoTrazabilidad" VALUES (12,12,'2025-10-04 02:37:19','ENTREGA',0);
INSERT INTO "EventoTrazabilidad" VALUES (13,13,'2025-10-04 02:37:19','ENTREGA',0);
INSERT INTO "EventoTrazabilidad" VALUES (14,14,'2025-10-04 02:37:19','ENTREGA',0);
INSERT INTO "EventoTrazabilidad" VALUES (15,15,'2025-10-04 02:37:19','ENTREGA',0);
INSERT INTO "EventoTrazabilidad" VALUES (16,7,'2025-10-04 04:52:10','AVERIO',1);
INSERT INTO "EventoTrazabilidad" VALUES (17,7,'2025-10-04 04:53:59','REPARACION',1);
INSERT INTO "EventoTrazabilidad" VALUES (18,5,'2025-10-04 15:00:59','AVERIO',0);
INSERT INTO "Solicitud" VALUES (1,'POR_REVISAR',2,'2025-10-04 03:19:36','papeeeeeeeel',0);
INSERT INTO "Solicitud" VALUES (2,'APROBADA',1,'2025-10-04 03:54:52','sdfsafas',0);
INSERT INTO "Solicitud" VALUES (3,'POR_REVISAR',3,'2025-10-04 03:55:06','awawawa',0);
INSERT INTO "Solicitud" VALUES (4,'POR_REVISAR',4,'2025-10-04 03:55:14','owoqwawwaw',0);
INSERT INTO "Ubicacion" VALUES (1,'CENTRO ESPACIO BIENESTAR',0);
INSERT INTO "Ubicacion" VALUES (2,'LABO ALFA',0);
INSERT INTO "Ubicacion" VALUES (3,'BOX DE INFORMÁTICA',0);
INSERT INTO "Ubicacion" VALUES (4,'GAME',0);
INSERT INTO "Ubicacion" VALUES (5,'LABO BETA',0);
INSERT INTO "Usuario" VALUES (1,'MAURO','$2a$10$Zo0iwbXCuD3/AbUHsDQz5e5nVkaEFDf.2365hlTHqHnW79cVUhTyy','ADMINISTRATIVO',0);
INSERT INTO "Usuario" VALUES (2,'GERONIMO','$2a$10$WA6fmjbQLi.DdB0BTIFKIecPDRMUYs2iEuter/RoiKs2VhXPTpYay','ADMINISTRATIVO',0);
INSERT INTO "Usuario" VALUES (3,'ROCIO','$2a$10$CyWRk///VljqXx3OZ2/5buT/nNIyVzbnZ34oXspu0/RXHjpL/ucHm','SUPERVISOR',0);
COMMIT;
